Dominga,Goerke,9,Dominga.Goerke@essca.eu
Babita,Pitt,8,Babita.Pitt@essca.eu
Estell,Alva,8,Estell.Alva@essca.eu
Demetris,Cassius,8,Demetris.Cassius@essca.eu
Layla,Alabaster,9,Layla.Alabaster@essca.eu
Isa,Malanie,8,Isa.Malanie@essca.eu
Evaleen,Ellerey,9,Evaleen.Ellerey@essca.eu
Sybille,Autrey,8,Sybille.Autrey@essca.eu
Barbara,Henrie,8,Barbara.Henrie@essca.eu
Sidoney,Dom,8,Sidoney.Dom@essca.eu
Shandie,Suzetta,9,Shandie.Suzetta@essca.eu
Almeta,Philipp,8,Almeta.Philipp@essca.eu
Jacquetta,Ovid,9,Jacquetta.Ovid@essca.eu
Yvonne,Lunsford,9,Yvonne.Lunsford@essca.eu
Zia,Stefa,8,Zia.Stefa@essca.eu
Leeanne,Fleeta,9,Leeanne.Fleeta@essca.eu
Talya,Rad,9,Talya.Rad@essca.eu
Ingrid,Jehu,8,Ingrid.Jehu@essca.eu
Dede,Hull,9,Dede.Hull@essca.eu
Meriel,Libna,8,Meriel.Libna@essca.eu
Tiffie,Secrest,7,Tiffie.Secrest@essca.eu
Kate,Read,9,Kate.Read@essca.eu
Paola,Ethban,8,Paola.Ethban@essca.eu
Constance,Konyn,7,Constance.Konyn@essca.eu
Kamilah,Henebry,8,Kamilah.Henebry@essca.eu
Blondelle,Grayce,8,Blondelle.Grayce@essca.eu
Trudie,Amethist,9,Trudie.Amethist@essca.eu
Brianna,Salchunas,7,Brianna.Salchunas@essca.eu
Ann-Marie,Ioab,8,Ann-Marie.Ioab@essca.eu
Gisela,Blake,8,Gisela.Blake@essca.eu
Sharai,Stoller,8,Sharai.Stoller@essca.eu
Frances,Plato,7,Frances.Plato@essca.eu
Bertine,Fredi,9,Bertine.Fredi@essca.eu
Oona,Lipson,9,Oona.Lipson@essca.eu
Petronia,Ariella,7,Petronia.Ariella@essca.eu
Deane,Teryn,7,Deane.Teryn@essca.eu
Dominga,Firmin,8,Dominga.Firmin@essca.eu
Beatriz,Naashom,9,Beatriz.Naashom@essca.eu
Berget,Darbie,9,Berget.Darbie@essca.eu
Trudie,Ashok,9,Trudie.Ashok@essca.eu
Georgetta,Fink,8,Georgetta.Fink@essca.eu
Jasmina,Morgun,7,Jasmina.Morgun@essca.eu
Myrtice,Kat,7,Myrtice.Kat@essca.eu
Carilyn,Obed,9,Carilyn.Obed@essca.eu
Wileen,Winnick,8,Wileen.Winnick@essca.eu
Brynna,Codding,7,Brynna.Codding@essca.eu
Kenna,Tacye,7,Kenna.Tacye@essca.eu
Tori,McCutcheon,9,Tori.McCutcheon@essca.eu
Vita,Belldas,9,Vita.Belldas@essca.eu
Jillayne,Truc,8,Jillayne.Truc@essca.eu
Etta,Muriel,7,Etta.Muriel@essca.eu
Theodora,Mintz,9,Theodora.Mintz@essca.eu
Ebonee,Billye,9,Ebonee.Billye@essca.eu
Minne,Brackely,9,Minne.Brackely@essca.eu
Jinny,Gillan,8,Jinny.Gillan@essca.eu
Dari,Boycey,7,Dari.Boycey@essca.eu
Arabel,Ledah,8,Arabel.Ledah@essca.eu
Mary,Kirbee,7,Mary.Kirbee@essca.eu
Chandra,Montgomery,8,Chandra.Montgomery@essca.eu
Fredericka,Mike,8,Fredericka.Mike@essca.eu
Madalyn,Allina,8,Madalyn.Allina@essca.eu
Glynnis,Melony,7,Glynnis.Melony@essca.eu
Ericka,Egbert,7,Ericka.Egbert@essca.eu
Felice,Nelsen,7,Felice.Nelsen@essca.eu
Suzette,Hedve,8,Suzette.Hedve@essca.eu
Adore,Hashim,8,Adore.Hashim@essca.eu
Konstance,Cosenza,9,Konstance.Cosenza@essca.eu
Kaia,McGrody,8,Kaia.McGrody@essca.eu
Glynnis,Joseph,7,Glynnis.Joseph@essca.eu
Theodora,Monk,8,Theodora.Monk@essca.eu
Jennica,Emerson,7,Jennica.Emerson@essca.eu
Gilda,Rozanna,9,Gilda.Rozanna@essca.eu
Estell,Septima,9,Estell.Septima@essca.eu
Sheree,Wooster,8,Sheree.Wooster@essca.eu
Ninnetta,Alarise,8,Ninnetta.Alarise@essca.eu
Willetta,Santoro,9,Willetta.Santoro@essca.eu
Jaclyn,Desai,9,Jaclyn.Desai@essca.eu
Tina,Carri,8,Tina.Carri@essca.eu
Oralee,Helfand,8,Oralee.Helfand@essca.eu
Aryn,Mathilde,8,Aryn.Mathilde@essca.eu
Inga,Jagir,7,Inga.Jagir@essca.eu
Gaylene,Tremayne,9,Gaylene.Tremayne@essca.eu
Brana,Celestine,8,Brana.Celestine@essca.eu
Robbi,Ashok,7,Robbi.Ashok@essca.eu
Darci,Dowski,9,Darci.Dowski@essca.eu
Jany,Pandolfi,8,Jany.Pandolfi@essca.eu
Libbie,Francene,7,Libbie.Francene@essca.eu
Grier,Letsou,9,Grier.Letsou@essca.eu
Louella,Schwejda,7,Louella.Schwejda@essca.eu
Edee,Jethro,8,Edee.Jethro@essca.eu
Nyssa,Maribeth,8,Nyssa.Maribeth@essca.eu
Rozele,Lynn,7,Rozele.Lynn@essca.eu
Brietta,Sigfrid,8,Brietta.Sigfrid@essca.eu
Dacia,Rona,8,Dacia.Rona@essca.eu
Addia,Irmine,8,Addia.Irmine@essca.eu
Grier,Christine,7,Grier.Christine@essca.eu
Elyssa,Modie,8,Elyssa.Modie@essca.eu
Tamqrah,Egbert,9,Tamqrah.Egbert@essca.eu
Ofilia,Isacco,7,Ofilia.Isacco@essca.eu
Dulcinea,Ricki,9,Dulcinea.Ricki@essca.eu
Tera,Eliathas,9,Tera.Eliathas@essca.eu
Sallie,Wittie,7,Sallie.Wittie@essca.eu
Wendi,Morehouse,7,Wendi.Morehouse@essca.eu
Letizia,Suanne,9,Letizia.Suanne@essca.eu
Fidelia,Mike,8,Fidelia.Mike@essca.eu
Brana,Mike,8,Brana.Mike@essca.eu
Vere,Johnsson,8,Vere.Johnsson@essca.eu
Adore,Maroney,8,Adore.Maroney@essca.eu
Candi,Wilkinson,7,Candi.Wilkinson@essca.eu
Christal,Frodi,7,Christal.Frodi@essca.eu
Meghann,Sherfield,7,Meghann.Sherfield@essca.eu
Gavrielle,Kare,9,Gavrielle.Kare@essca.eu
Gisela,Plato,8,Gisela.Plato@essca.eu
Doralynne,Urania,9,Doralynne.Urania@essca.eu
Nessie,Lytton,8,Nessie.Lytton@essca.eu
Roxane,Cullin,7,Roxane.Cullin@essca.eu
Dawn,Middleton,7,Dawn.Middleton@essca.eu
Joane,Fennessy,7,Joane.Fennessy@essca.eu
Margarette,Autrey,8,Margarette.Autrey@essca.eu
Correy,Strephon,9,Correy.Strephon@essca.eu
Alejandra,Alisia,8,Alejandra.Alisia@essca.eu
Liana,Gower,9,Liana.Gower@essca.eu
Jenilee,Norvol,8,Jenilee.Norvol@essca.eu
Sue,Estella,8,Sue.Estella@essca.eu
Tybie,Zitvaa,8,Tybie.Zitvaa@essca.eu
Dede,Francene,9,Dede.Francene@essca.eu
Selia,Ietta,8,Selia.Ietta@essca.eu
Melisent,Gilmour,9,Melisent.Gilmour@essca.eu
Agnese,Raffo,9,Agnese.Raffo@essca.eu
Marika,Warthman,7,Marika.Warthman@essca.eu
Lenna,Schlosser,9,Lenna.Schlosser@essca.eu
Penelopa,Roumell,9,Penelopa.Roumell@essca.eu
Molli,Sprage,8,Molli.Sprage@essca.eu
Rochette,Lilas,7,Rochette.Lilas@essca.eu
Desirae,Solitta,8,Desirae.Solitta@essca.eu
Raf,Rudolph,8,Raf.Rudolph@essca.eu
Aryn,Belanger,8,Aryn.Belanger@essca.eu
Althea,Hoban,8,Althea.Hoban@essca.eu
Krystle,Juan,9,Krystle.Juan@essca.eu
Rani,Afton,9,Rani.Afton@essca.eu
Alisha,Sigfrid,9,Alisha.Sigfrid@essca.eu
Correy,Warthman,9,Correy.Warthman@essca.eu
Marguerite,Wildermuth,8,Marguerite.Wildermuth@essca.eu
Elfreda,Mullane,8,Elfreda.Mullane@essca.eu
Melodie,Yuille,8,Melodie.Yuille@essca.eu
Ginnie,Zeeba,8,Ginnie.Zeeba@essca.eu
Jacenta,Mike,7,Jacenta.Mike@essca.eu
Oralee,Mullane,8,Oralee.Mullane@essca.eu
Keelia,Skell,7,Keelia.Skell@essca.eu
Merci,Afton,7,Merci.Afton@essca.eu
Cindelyn,Loeb,9,Cindelyn.Loeb@essca.eu
Tressa,Florina,7,Tressa.Florina@essca.eu
