Brietta,Leffen,6,Brietta.Leffen@essca.eu
Rozele,Selway,3,Rozele.Selway@essca.eu
Kimmy,Tiffa,1,Kimmy.Tiffa@essca.eu
Livvyy,Clarissa,1,Livvyy.Clarissa@essca.eu
Vevay,Fosque,4,Vevay.Fosque@essca.eu
Kore,Clywd,6,Kore.Clywd@essca.eu
Dominga,Ezar,2,Dominga.Ezar@essca.eu
Melanie,Seessel,5,Melanie.Seessel@essca.eu
Ivett,Maisey,3,Ivett.Maisey@essca.eu
Jorry,Pascia,1,Jorry.Pascia@essca.eu
Belinda,Calhoun,1,Belinda.Calhoun@essca.eu
Hayley,Oriana,2,Hayley.Oriana@essca.eu
Jessy,Berard,1,Jessy.Berard@essca.eu
Jasmina,Sibyls,1,Jasmina.Sibyls@essca.eu
Lacie,Amand,2,Lacie.Amand@essca.eu
Jan,Gherardo,6,Jan.Gherardo@essca.eu
Karly,Dosia,2,Karly.Dosia@essca.eu
Dorice,Skurnik,4,Dorice.Skurnik@essca.eu
Valli,Destinee,4,Valli.Destinee@essca.eu
Chandra,Ciro,4,Chandra.Ciro@essca.eu
Carol-Jean,Raseda,1,Carol-Jean.Raseda@essca.eu
Rivalee,Halsey,5,Rivalee.Halsey@essca.eu
Joane,Moina,2,Joane.Moina@essca.eu
Elvira,Wyn,1,Elvira.Wyn@essca.eu
Jaclyn,Lipson,3,Jaclyn.Lipson@essca.eu
Christian,Suk,4,Christian.Suk@essca.eu
Madalyn,Kermit,2,Madalyn.Kermit@essca.eu
Elise,Alice,2,Elise.Alice@essca.eu
Ethel,Hailee,4,Ethel.Hailee@essca.eu
Benita,Chinua,2,Benita.Chinua@essca.eu
Angela,Chem,3,Angela.Chem@essca.eu
Aimil,Yuille,1,Aimil.Yuille@essca.eu
Misha,Ramona,4,Misha.Ramona@essca.eu
Orelia,Sasnett,1,Orelia.Sasnett@essca.eu
Berget,Leary,3,Berget.Leary@essca.eu
Karina,Rustice,3,Karina.Rustice@essca.eu
Chickie,Ehrman,3,Chickie.Ehrman@essca.eu
Eolanda,Vernier,1,Eolanda.Vernier@essca.eu
Laure,Edmund,6,Laure.Edmund@essca.eu
Inga,Herrera,2,Inga.Herrera@essca.eu
Jorry,Autrey,1,Jorry.Autrey@essca.eu
Lory,Marijo,5,Lory.Marijo@essca.eu
Flo,Stav,5,Flo.Stav@essca.eu
Lauryn,Nore,6,Lauryn.Nore@essca.eu
Robbi,Isidore,5,Robbi.Isidore@essca.eu
Melanie,Rolf,3,Melanie.Rolf@essca.eu
Gretal,Winthorpe,6,Gretal.Winthorpe@essca.eu
Ardenia,Elisha,4,Ardenia.Elisha@essca.eu
Siana,Bohlin,6,Siana.Bohlin@essca.eu
Millie,Medrek,5,Millie.Medrek@essca.eu
Dagmar,Shuler,6,Dagmar.Shuler@essca.eu
Demetris,Schroth,1,Demetris.Schroth@essca.eu
Annecorinne,Haldas,4,Annecorinne.Haldas@essca.eu
Jordan,Joseph,4,Jordan.Joseph@essca.eu
Estell,Burkle,3,Estell.Burkle@essca.eu
Frances,Khorma,6,Frances.Khorma@essca.eu
Debee,Adamsen,4,Debee.Adamsen@essca.eu
Leontine,Atonsah,6,Leontine.Atonsah@essca.eu
Lorie,Berriman,3,Lorie.Berriman@essca.eu
Brianna,Dalli,6,Brianna.Dalli@essca.eu
Renie,Willie,1,Renie.Willie@essca.eu
Veda,Morehouse,4,Veda.Morehouse@essca.eu
Tilly,Forrer,3,Tilly.Forrer@essca.eu
Shauna,Abram,2,Shauna.Abram@essca.eu
Brena,Bendick,1,Brena.Bendick@essca.eu
Paola,Anderea,5,Paola.Anderea@essca.eu
Ethel,Longfellow,6,Ethel.Longfellow@essca.eu
Gratia,Gavrila,2,Gratia.Gavrila@essca.eu
Ulrike,Baptlsta,5,Ulrike.Baptlsta@essca.eu
Rhea,Elvyn,4,Rhea.Elvyn@essca.eu
Mamie,Kat,5,Mamie.Kat@essca.eu
Larine,Allina,4,Larine.Allina@essca.eu
Berta,Ashok,6,Berta.Ashok@essca.eu
Meghann,Toffic,2,Meghann.Toffic@essca.eu
Meg,Sheedy,5,Meg.Sheedy@essca.eu
Demetris,Nerita,2,Demetris.Nerita@essca.eu
Cindelyn,Sancho,6,Cindelyn.Sancho@essca.eu
Isa,Connelly,3,Isa.Connelly@essca.eu
Merle,Auberbach,4,Merle.Auberbach@essca.eu
Debee,Edee,1,Debee.Edee@essca.eu
Kirbee,Buffum,2,Kirbee.Buffum@essca.eu
Kristan,Lail,1,Kristan.Lail@essca.eu
Olwen,Creamer,3,Olwen.Creamer@essca.eu
Aaren,Sammons,1,Aaren.Sammons@essca.eu
Livvyy,Shaver,6,Livvyy.Shaver@essca.eu
Michaelina,Pozzy,5,Michaelina.Pozzy@essca.eu
Kary,Goldina,4,Kary.Goldina@essca.eu
Shaylyn,Hailee,2,Shaylyn.Hailee@essca.eu
Lusa,Faust,1,Lusa.Faust@essca.eu
Hyacinthe,Katrine,2,Hyacinthe.Katrine@essca.eu
Ethel,Michella,2,Ethel.Michella@essca.eu
Karolina,McAdams,3,Karolina.McAdams@essca.eu
Cathie,Shelba,1,Cathie.Shelba@essca.eu
Viviene,Jess,3,Viviene.Jess@essca.eu
Konstance,Kaete,4,Konstance.Kaete@essca.eu
Ayn,Martsen,1,Ayn.Martsen@essca.eu
Ruthe,Bonilla,4,Ruthe.Bonilla@essca.eu
Isa,Bultman,4,Isa.Bultman@essca.eu
Jsandye,Woodberry,1,Jsandye.Woodberry@essca.eu
Magdalena,Tippets,6,Magdalena.Tippets@essca.eu
Leanna,Shuler,5,Leanna.Shuler@essca.eu
Gratia,Martguerita,6,Gratia.Martguerita@essca.eu
Winny,Lissi,5,Winny.Lissi@essca.eu
Jordan,Cullin,1,Jordan.Cullin@essca.eu
Lila,Danby,3,Lila.Danby@essca.eu
Clementine,Sacken,2,Clementine.Sacken@essca.eu
Kellen,Ingra,2,Kellen.Ingra@essca.eu
Arlena,Decato,3,Arlena.Decato@essca.eu
Sarette,Quent,5,Sarette.Quent@essca.eu
Valli,Destinee,6,Valli.Destinee@essca.eu
Joelly,Dannye,5,Joelly.Dannye@essca.eu
Dorthy,Oriana,1,Dorthy.Oriana@essca.eu
Debee,Swanhildas,2,Debee.Swanhildas@essca.eu
Shaine,Podvin,1,Shaine.Podvin@essca.eu
Renie,Brackely,3,Renie.Brackely@essca.eu
Maurene,Tound,6,Maurene.Tound@essca.eu
Bibby,Darbie,5,Bibby.Darbie@essca.eu
Kellen,Fabiola,5,Kellen.Fabiola@essca.eu
Sashenka,Land,5,Sashenka.Land@essca.eu
Clarice,Hanleigh,5,Clarice.Hanleigh@essca.eu
Mildrid,Ramona,1,Mildrid.Ramona@essca.eu
Gerianna,Fiester,3,Gerianna.Fiester@essca.eu
Lilith,Auberbach,6,Lilith.Auberbach@essca.eu
Tabbatha,Salchunas,4,Tabbatha.Salchunas@essca.eu
Ginnie,Larochelle,4,Ginnie.Larochelle@essca.eu
Micheline,Flyn,6,Micheline.Flyn@essca.eu
Selma,Hull,3,Selma.Hull@essca.eu
Merrie,Pelagias,5,Merrie.Pelagias@essca.eu
Linzy,Imelida,2,Linzy.Imelida@essca.eu
Alleen,O'Neill,4,Alleen.O'Neill@essca.eu
Gwenneth,Bertold,4,Gwenneth.Bertold@essca.eu
Eugine,Tybald,3,Eugine.Tybald@essca.eu
Fredericka,Kesley,3,Fredericka.Kesley@essca.eu
Wileen,Rozanna,2,Wileen.Rozanna@essca.eu
Karena,Cavan,5,Karena.Cavan@essca.eu
Jere,Berl,4,Jere.Berl@essca.eu
Daryl,Aaberg,2,Daryl.Aaberg@essca.eu
Cherilyn,Kalinda,2,Cherilyn.Kalinda@essca.eu
Rozele,Niles,1,Rozele.Niles@essca.eu
Lilith,Halla,6,Lilith.Halla@essca.eu
Clarice,Mendez,6,Clarice.Mendez@essca.eu
Jere,Melan,4,Jere.Melan@essca.eu
Mahalia,Anderea,1,Mahalia.Anderea@essca.eu
Tani,Colbert,6,Tani.Colbert@essca.eu
Bertine,Marijo,4,Bertine.Marijo@essca.eu
Lucy,Brenn,1,Lucy.Brenn@essca.eu
Celestyna,Gamaliel,2,Celestyna.Gamaliel@essca.eu
Kenna,Fry,5,Kenna.Fry@essca.eu
Ottilie,Vorster,6,Ottilie.Vorster@essca.eu
Peri,Rheingold,5,Peri.Rheingold@essca.eu
Dagmar,Laurianne,4,Dagmar.Laurianne@essca.eu
Alie,Riordan,4,Alie.Riordan@essca.eu
Nollie,Torray,2,Nollie.Torray@essca.eu
Imojean,Evangelia,3,Imojean.Evangelia@essca.eu
Linzy,Toor,5,Linzy.Toor@essca.eu
Emylee,Koehler,2,Emylee.Koehler@essca.eu
Alyda,Duwalt,2,Alyda.Duwalt@essca.eu
Gabriellia,Hermes,6,Gabriellia.Hermes@essca.eu
Mildrid,Redmond,2,Mildrid.Redmond@essca.eu
Corly,Center,2,Corly.Center@essca.eu
Kirstin,Pernick,1,Kirstin.Pernick@essca.eu
Robinia,Brunell,5,Robinia.Brunell@essca.eu
Sashenka,Beniamino,1,Sashenka.Beniamino@essca.eu
Romona,Nester,3,Romona.Nester@essca.eu
Vonny,Joli,2,Vonny.Joli@essca.eu
Alisha,Latini,4,Alisha.Latini@essca.eu
Rosabelle,Rebecka,1,Rosabelle.Rebecka@essca.eu
Hallie,Hoenack,4,Hallie.Hoenack@essca.eu
Riannon,Bonilla,2,Riannon.Bonilla@essca.eu
Lelah,Solitta,4,Lelah.Solitta@essca.eu
Tabbatha,Sasnett,3,Tabbatha.Sasnett@essca.eu
Raquela,Bronk,3,Raquela.Bronk@essca.eu
Kate,Septima,5,Kate.Septima@essca.eu
Philis,McCutcheon,5,Philis.McCutcheon@essca.eu
Sue,Rodmann,5,Sue.Rodmann@essca.eu
Isa,Codding,6,Isa.Codding@essca.eu
Pamella,Marijo,5,Pamella.Marijo@essca.eu
Brana,Ries,5,Brana.Ries@essca.eu
Darci,Shuler,5,Darci.Shuler@essca.eu
Corene,Bow,4,Corene.Bow@essca.eu
Elie,Macey,3,Elie.Macey@essca.eu
Jean,Wind,4,Jean.Wind@essca.eu
Dorice,Armanda,2,Dorice.Armanda@essca.eu
Molli,Turne,1,Molli.Turne@essca.eu
Kelly,Cynar,4,Kelly.Cynar@essca.eu
Vonny,O'Rourke,6,Vonny.O'Rourke@essca.eu
Kittie,Malanie,4,Kittie.Malanie@essca.eu
Romona,Rosalba,1,Romona.Rosalba@essca.eu
Sophia,Malanie,4,Sophia.Malanie@essca.eu
Collen,Tyson,1,Collen.Tyson@essca.eu
Natka,Tamsky,2,Natka.Tamsky@essca.eu
Theodora,Cristi,6,Theodora.Cristi@essca.eu
Olivette,Clara,5,Olivette.Clara@essca.eu
Jere,Parsaye,4,Jere.Parsaye@essca.eu
Pamella,Magdalen,3,Pamella.Magdalen@essca.eu
Frances,Himelman,2,Frances.Himelman@essca.eu
Genevra,Vins,3,Genevra.Vins@essca.eu
Margarette,Bouchard,3,Margarette.Bouchard@essca.eu
Delilah,Chaing,5,Delilah.Chaing@essca.eu
Antonietta,Land,6,Antonietta.Land@essca.eu
Lanae,Wittie,4,Lanae.Wittie@essca.eu
Andeee,Lytton,1,Andeee.Lytton@essca.eu
Florie,Serilda,1,Florie.Serilda@essca.eu
Esmeralda,Burnside,1,Esmeralda.Burnside@essca.eu
Odessa,Presber,5,Odessa.Presber@essca.eu
Sindee,Girardo,3,Sindee.Girardo@essca.eu
Hannis,Carey,1,Hannis.Carey@essca.eu
Tami,Sherrie,6,Tami.Sherrie@essca.eu
Gertrud,Bow,2,Gertrud.Bow@essca.eu
Lynde,Leonard,4,Lynde.Leonard@essca.eu
Wileen,Middleton,4,Wileen.Middleton@essca.eu
Kaia,Eachern,6,Kaia.Eachern@essca.eu
Cassandra,Edison,3,Cassandra.Edison@essca.eu
Ermengarde,Christal,5,Ermengarde.Christal@essca.eu
Brianna,Hurley,5,Brianna.Hurley@essca.eu
Aaren,Shanley,2,Aaren.Shanley@essca.eu
Malina,Sigfrid,5,Malina.Sigfrid@essca.eu
Randa,Milson,5,Randa.Milson@essca.eu
Mariele,Caitlin,3,Mariele.Caitlin@essca.eu
Lynde,Bandeen,3,Lynde.Bandeen@essca.eu
Dode,Oscar,4,Dode.Oscar@essca.eu
Jessamyn,Tice,6,Jessamyn.Tice@essca.eu
Lorie,Sidonius,2,Lorie.Sidonius@essca.eu
Julieta,Fry,1,Julieta.Fry@essca.eu
Bibby,Darian,6,Bibby.Darian@essca.eu
Giustina,Vivle,3,Giustina.Vivle@essca.eu
Hettie,Connelly,2,Hettie.Connelly@essca.eu
Ingrid,Publia,2,Ingrid.Publia@essca.eu
Gavrielle,Henrie,1,Gavrielle.Henrie@essca.eu
Xylina,Gordon,5,Xylina.Gordon@essca.eu
Heddie,Stover,3,Heddie.Stover@essca.eu
Raina,Clywd,1,Raina.Clywd@essca.eu
Damaris,Zamora,6,Damaris.Zamora@essca.eu
Carmela,Wadell,1,Carmela.Wadell@essca.eu
Dione,Land,1,Dione.Land@essca.eu
Kalina,Kathie,3,Kalina.Kathie@essca.eu
Berget,Carolin,1,Berget.Carolin@essca.eu
Correy,Tomasina,1,Correy.Tomasina@essca.eu
Louella,Madaih,5,Louella.Madaih@essca.eu
Peri,Decato,2,Peri.Decato@essca.eu
Oralee,Erb,6,Oralee.Erb@essca.eu
Ashlee,Alejoa,3,Ashlee.Alejoa@essca.eu
Heddie,Sabella,4,Heddie.Sabella@essca.eu
Aurore,Narton,2,Aurore.Narton@essca.eu
Melina,Krystle,4,Melina.Krystle@essca.eu
Grier,Dermott,4,Grier.Dermott@essca.eu
Nariko,Avi,6,Nariko.Avi@essca.eu
Charlena,Silvan,3,Charlena.Silvan@essca.eu
Sadie,Susannah,3,Sadie.Susannah@essca.eu
Ardenia,Heisel,3,Ardenia.Heisel@essca.eu
Gui,Merat,3,Gui.Merat@essca.eu
Antonietta,Bouchard,1,Antonietta.Bouchard@essca.eu
Oona,Fiann,5,Oona.Fiann@essca.eu
Dione,Soneson,6,Dione.Soneson@essca.eu
Kristina,Dowski,5,Kristina.Dowski@essca.eu
Ashlee,Schroth,2,Ashlee.Schroth@essca.eu
Lynde,Bari,5,Lynde.Bari@essca.eu
Valli,Cleavland,6,Valli.Cleavland@essca.eu
Ursulina,Urania,5,Ursulina.Urania@essca.eu
Cassandra,Middleton,4,Cassandra.Middleton@essca.eu
Marsiella,Cecile,4,Marsiella.Cecile@essca.eu
Vita,Cosenza,4,Vita.Cosenza@essca.eu
Rori,Gale,6,Rori.Gale@essca.eu
Pierette,Etom,3,Pierette.Etom@essca.eu
Larine,Carri,6,Larine.Carri@essca.eu
Fanchon,Neils,2,Fanchon.Neils@essca.eu
Renae,Maiah,3,Renae.Maiah@essca.eu
Neila,Standing,5,Neila.Standing@essca.eu
Doralynne,Buttaro,5,Doralynne.Buttaro@essca.eu
Lonnie,Decato,6,Lonnie.Decato@essca.eu
Sarette,Yorick,6,Sarette.Yorick@essca.eu
Winny,Dreda,2,Winny.Dreda@essca.eu
Keelia,Gerge,6,Keelia.Gerge@essca.eu
Belva,Ulphia,5,Belva.Ulphia@essca.eu
Wanda,Elvyn,5,Wanda.Elvyn@essca.eu
Bee,Thar,4,Bee.Thar@essca.eu
Ricky,Narton,6,Ricky.Narton@essca.eu
Ardeen,Artie,3,Ardeen.Artie@essca.eu
Melodie,Croix,2,Melodie.Croix@essca.eu
Jenilee,Bendick,4,Jenilee.Bendick@essca.eu
Charmaine,Gillan,3,Charmaine.Gillan@essca.eu
Calla,Atcliffe,5,Calla.Atcliffe@essca.eu
Karena,Chick,2,Karena.Chick@essca.eu
Penelopa,Federica,2,Penelopa.Federica@essca.eu
Brynna,Richers,5,Brynna.Richers@essca.eu
Riannon,Chick,6,Riannon.Chick@essca.eu
Lonnie,Mandler,5,Lonnie.Mandler@essca.eu
Sashenka,Nore,4,Sashenka.Nore@essca.eu
Silvana,Lemuela,2,Silvana.Lemuela@essca.eu
Juliane,Florina,2,Juliane.Florina@essca.eu
Harrietta,Keily,2,Harrietta.Keily@essca.eu
Celestyna,Carri,3,Celestyna.Carri@essca.eu
Ana,Stav,4,Ana.Stav@essca.eu
Millie,Orpah,4,Millie.Orpah@essca.eu
Fernande,Newell,4,Fernande.Newell@essca.eu
Veda,Fredi,5,Veda.Fredi@essca.eu
Aurelie,Gordon,6,Aurelie.Gordon@essca.eu
